{"_runtime":3.1017613,"_step":7,"_wandb":{"runtime":3},"acc":0.7626986459091915,"loss":0.20769492503601458,"_timestamp":1.7401955995479207e+09}