{"epoch":10,"_wandb":{"runtime":37},"_timestamp":1.741234307697008e+09,"Sample Images":{"captions":["T-shirt/top","Trouser","Pullover","Dress","Coat","Sandal","Shirt","Sneaker","Bag","Ankle boot"],"_type":"images/separated","width":28,"height":28,"format":"png","count":10,"filenames":["media/images/Sample Images_0_7f9147937f711e4ba16e.png","media/images/Sample Images_0_ba8afe5093296b9da95d.png","media/images/Sample Images_0_cd8689e0f2a035303171.png","media/images/Sample Images_0_65989982ca9140b3494a.png","media/images/Sample Images_0_c994f021ba36204ca3c1.png","media/images/Sample Images_0_352ec8bcbb7f793c3857.png","media/images/Sample Images_0_c5a7eaa6a52ac0e794bb.png","media/images/Sample Images_0_4d144877c9093c197264.png","media/images/Sample Images_0_f9ae28233f32bf80214f.png","media/images/Sample Images_0_adf48a208b1e9f1a3b47.png"]},"loss":0.40033486878005714,"_runtime":37.6769369,"accuracy":0.8555343617474398,"val_accuracy":0.8658333333333333,"_step":10,"val_loss":0.38403754805728535}