{"Sample Images":{"height":28,"format":"png","count":10,"filenames":["media/images/Sample Images_0_7f9147937f711e4ba16e.png","media/images/Sample Images_0_ba8afe5093296b9da95d.png","media/images/Sample Images_0_cd8689e0f2a035303171.png","media/images/Sample Images_0_65989982ca9140b3494a.png","media/images/Sample Images_0_c994f021ba36204ca3c1.png","media/images/Sample Images_0_352ec8bcbb7f793c3857.png","media/images/Sample Images_0_c5a7eaa6a52ac0e794bb.png","media/images/Sample Images_0_4d144877c9093c197264.png","media/images/Sample Images_0_f9ae28233f32bf80214f.png","media/images/Sample Images_0_adf48a208b1e9f1a3b47.png"],"captions":["T-shirt/top","Trouser","Pullover","Dress","Coat","Sandal","Shirt","Sneaker","Bag","Ankle boot"],"_type":"images/separated","width":28},"epoch":10,"val_accuracy":0.8506666666666667,"_runtime":64.7900304,"_step":10,"_timestamp":1.7411681700473595e+09,"accuracy":0.8579603325987518,"val_loss":0.4439595736493817,"_wandb":{"runtime":64},"loss":0.4086928269369189}